Dealer_No ,Dealer_Name,Dealer_Region
06457-3834,Buddy Storbeck's Diesel Service Inc,Middletown
60504-7114,C & M Motors Inc,Aurora
38701-8047,Capitol KIA,Greenville
99301-3882,Chrysler of Tri-Cities,Pasco
53546-9427,Chrysler Plymouth,Janesville
85257-3102,Classic Chevy,Scottsdale
78758-7841,Clay Johnson Auto Sales,Austin
78758-7841,U-Haul CO,Austin
85257-3102,Rabun Used Car Sales,Pasco
85257-3102,Rabun Used Car Sales,Scottsdale
78758-7841,Race Car Help,Austin
78758-7841,Race Car Help,Pasco
60504-7114,Saab-Belle Dodge,Aurora
38701-8047,Scrivener Performance Engineering,Greenville
85257-3102,Classic Chevy,Austin
06457-3834,Diehl Motor CO Inc,Middletown
99301-3882,Star Enterprises Inc,Pasco
53546-9427,Suburban Ford,Janesville
85257-3102,Tri-State Mack Inc,Scottsdale
53546-9427,Progressive Shippers Cooperative Association No,Janesville
78758-7841,Race Car Help,Janesville
06457-3834,Ryder Truck Rental and Leasing,Scottsdale
60504-7114,Saab-Belle Dodge,Austin
38701-8047,Scrivener Performance Engineering,Middletown
99301-3882,Star Enterprises Inc,Aurora
85257-3102,Tri-State Mack Inc,Greenville
78758-7841,U-Haul CO,Pasco
60504-7114,Enterprise Rent A Car,Aurora
38701-8047,Gartner Buick Hyundai Saab,Greenville
99301-3882,Hatfield Volkswagen,Pasco
06457-3834,Ryder Truck Rental and Leasing,Middletown
53546-9427,Progressive Shippers Cooperative Association No,Austin
60504-7114,C & M Motors Inc,Scottsdale
99301-3882,Chrysler of Tri-Cities,Middletown
53546-9427,Iceberg Rentals,Janesville
85257-3102,McKinney Dodge Chrysler Jeep,Scottsdale
78758-7841,Motor Vehicle Branch Office,Austin
06457-3834,Ryder Truck Rental and Leasing,Janesville
85257-3102,McKinney Dodge Chrysler Jeep,Austin
06457-3834,Nebo Chevrolet,Middletown
53546-9427,Chrysler Plymouth,Aurora
85257-3102,Classic Chevy,Greenville
78758-7841,Clay Johnson Auto Sales,Pasco
60504-7114,New Castle Ford Lincoln Mercury,Aurora
38701-8047,Pars Auto Sales,Greenville
99301-3882,Pitre Buick-Pontiac-Gmc of Scottsdale,Pasco
06457-3834,Diehl Motor CO Inc,Janesville
60504-7114,Enterprise Rent A Car,Scottsdale
38701-8047,Gartner Buick Hyundai Saab,Austin
99301-3882,Hatfield Volkswagen,Janesville
53546-9427,Iceberg Rentals,Scottsdale
06457-3834,Buddy Storbeck's Diesel Service Inc,Janesville
78758-7841,Motor Vehicle Branch Office,Middletown
06457-3834,Nebo Chevrolet,Aurora
78758-7841,U-Haul CO,Janesville
53546-9427,Suburban Ford,Greenville
38701-8047,Pars Auto Sales,Pasco
99301-3882,Pitre Buick-Pontiac-Gmc of Scottsdale,Janesville
53546-9427,Progressive Shippers Cooperative Association No,Scottsdale
85257-3102,Rabun Used Car Sales,Austin
78758-7841,Race Car Help,Middletown
38701-8047,Scrivener Performance Engineering,Pasco
99301-3882,Star Enterprises Inc,Janesville
06457-3834,Nebo Chevrolet,Austin
78758-7841,U-Haul CO,Middletown
53546-9427,Progressive Shippers Cooperative Association No,Aurora
85257-3102,Rabun Used Car Sales,Greenville
60504-7114,Saab-Belle Dodge,Scottsdale
99301-3882,Star Enterprises Inc,Middletown
53546-9427,Suburban Ford,Aurora
60504-7114,New Castle Ford Lincoln Mercury,Greenville
85257-3102,Rabun Used Car Sales,Aurora
60504-7114,Saab-Belle Dodge,Janesville
06457-3834,Ryder Truck Rental and Leasing,Aurora
60504-7114,Saab-Belle Dodge,Greenville
85257-3102,Tri-State Mack Inc,Austin
38701-8047,Scrivener Performance Engineering,Scottsdale
85257-3102,Tri-State Mack Inc,Aurora
38701-8047,Scrivener Performance Engineering,Austin
38701-8047,Capitol KIA,Austin
06457-3834,Buddy Storbeck's Diesel Service Inc,Pasco
99301-3882,Chrysler of Tri-Cities,Greenville
06457-3834,Diehl Motor CO Inc,Austin
99301-3882,Chrysler of Tri-Cities,Austin
53546-9427,Suburban Ford,Scottsdale
85257-3102,McKinney Dodge Chrysler Jeep,Janesville
60504-7114,New Castle Ford Lincoln Mercury,Middletown
38701-8047,Pars Auto Sales,Aurora
99301-3882,Pitre Buick-Pontiac-Gmc of Scottsdale,Greenville
53546-9427,Progressive Shippers Cooperative Association No,Pasco
85257-3102,Rabun Used Car Sales,Janesville
78758-7841,Race Car Help,Scottsdale
06457-3834,Ryder Truck Rental and Leasing,Austin
60504-7114,Saab-Belle Dodge,Middletown
38701-8047,Scrivener Performance Engineering,Aurora
99301-3882,Star Enterprises Inc,Greenville
53546-9427,Suburban Ford,Pasco
85257-3102,Tri-State Mack Inc,Janesville
78758-7841,U-Haul CO,Scottsdale
85257-3102,Rabun Used Car Sales,Middletown
78758-7841,Race Car Help,Aurora
06457-3834,Ryder Truck Rental and Leasing,Greenville
60504-7114,Saab-Belle Dodge,Pasco
38701-8047,Scrivener Performance Engineering,Janesville
99301-3882,Star Enterprises Inc,Scottsdale
53546-9427,Suburban Ford,Austin
85257-3102,Tri-State Mack Inc,Middletown
78758-7841,U-Haul CO,Aurora
06457-3834,Buddy Storbeck's Diesel Service Inc,Greenville
60504-7114,C & M Motors Inc,Pasco
38701-8047,Capitol KIA,Janesville
53546-9427,Chrysler Plymouth,Austin
85257-3102,Classic Chevy,Middletown
78758-7841,Clay Johnson Auto Sales,Aurora
06457-3834,Diehl Motor CO Inc,Greenville
60504-7114,Enterprise Rent A Car,Pasco
38701-8047,Gartner Buick Hyundai Saab,Janesville
99301-3882,Hatfield Volkswagen,Scottsdale
78758-7841,Motor Vehicle Branch Office,Janesville
60504-7114,New Castle Ford Lincoln Mercury,Austin
38701-8047,Pars Auto Sales,Middletown
99301-3882,Pitre Buick-Pontiac-Gmc of Scottsdale,Aurora
53546-9427,Progressive Shippers Cooperative Association No,Greenville
85257-3102,Tri-State Mack Inc,Pasco
06457-3834,Buddy Storbeck's Diesel Service Inc,Aurora
60504-7114,C & M Motors Inc,Greenville
38701-8047,Capitol KIA,Pasco
99301-3882,Chrysler of Tri-Cities,Janesville
53546-9427,Chrysler Plymouth,Scottsdale
78758-7841,Clay Johnson Auto Sales,Middletown
06457-3834,Diehl Motor CO Inc,Aurora
60504-7114,Enterprise Rent A Car,Greenville
38701-8047,Gartner Buick Hyundai Saab,Pasco
06457-3834,Nebo Chevrolet,Scottsdale
53546-9427,Iceberg Rentals,Austin
78758-7841,Motor Vehicle Branch Office,Scottsdale
99301-3882,Chrysler of Tri-Cities,Scottsdale
99301-3882,Hatfield Volkswagen,Austin
60504-7114,C & M Motors Inc,Austin
60504-7114,Enterprise Rent A Car,Austin
78758-7841,U-Haul CO,Greenville
60504-7114,C & M Motors Inc,Janesville
38701-8047,Capitol KIA,Scottsdale
53546-9427,Chrysler Plymouth,Middletown
85257-3102,Classic Chevy,Aurora
78758-7841,Clay Johnson Auto Sales,Greenville
06457-3834,Diehl Motor CO Inc,Pasco
60504-7114,Enterprise Rent A Car,Janesville
38701-8047,Gartner Buick Hyundai Saab,Scottsdale
06457-3834,Nebo Chevrolet,Janesville
60504-7114,New Castle Ford Lincoln Mercury,Scottsdale
38701-8047,Pars Auto Sales,Austin
99301-3882,Pitre Buick-Pontiac-Gmc of Scottsdale,Middletown
78758-7841,Clay Johnson Auto Sales,Scottsdale
06457-3834,Buddy Storbeck's Diesel Service Inc,Austin
60504-7114,C & M Motors Inc,Middletown
38701-8047,Capitol KIA,Aurora
53546-9427,Chrysler Plymouth,Pasco
85257-3102,Classic Chevy,Janesville
60504-7114,Enterprise Rent A Car,Middletown
38701-8047,Gartner Buick Hyundai Saab,Aurora
99301-3882,Hatfield Volkswagen,Greenville
53546-9427,Iceberg Rentals,Pasco
60504-7114,New Castle Ford Lincoln Mercury,Janesville
38701-8047,Pars Auto Sales,Scottsdale
99301-3882,Pitre Buick-Pontiac-Gmc of Scottsdale,Austin
53546-9427,Progressive Shippers Cooperative Association No,Middletown
78758-7841,Race Car Help,Greenville
06457-3834,Ryder Truck Rental and Leasing,Pasco
99301-3882,Star Enterprises Inc,Austin
53546-9427,Suburban Ford,Middletown
53546-9427,Iceberg Rentals,Middletown
85257-3102,McKinney Dodge Chrysler Jeep,Aurora
78758-7841,Motor Vehicle Branch Office,Greenville
06457-3834,Nebo Chevrolet,Pasco
06457-3834,Buddy Storbeck's Diesel Service Inc,Scottsdale
38701-8047,Capitol KIA,Middletown
99301-3882,Chrysler of Tri-Cities,Aurora
53546-9427,Chrysler Plymouth,Greenville
85257-3102,Classic Chevy,Pasco
78758-7841,Clay Johnson Auto Sales,Janesville
06457-3834,Diehl Motor CO Inc,Scottsdale
38701-8047,Gartner Buick Hyundai Saab,Middletown
99301-3882,Hatfield Volkswagen,Aurora
53546-9427,Iceberg Rentals,Greenville
85257-3102,McKinney Dodge Chrysler Jeep,Pasco
85257-3102,McKinney Dodge Chrysler Jeep,Middletown
38701-8047,Pars Auto Sales,Janesville
06457-3834,Nebo Chevrolet,Greenville
60504-7114,New Castle Ford Lincoln Mercury,Pasco
99301-3882,Pitre Buick-Pontiac-Gmc of Scottsdale,Scottsdale
99301-3882,Hatfield Volkswagen,Middletown
53546-9427,Iceberg Rentals,Aurora
85257-3102,McKinney Dodge Chrysler Jeep,Greenville
78758-7841,Motor Vehicle Branch Office,Pasco
78758-7841,Motor Vehicle Branch Office,Aurora
